[{"ID": " 1 ", "score": 1, "title": " Reverse engineering YouTube demonetization algorithm", "url": "https://docs.google.com/document/d/155yNpfR7dGKuN-4rbrvbJLcJkhGa_HqvVuyPK7UEfPo/edit"}, {"ID": " 2 ", "score": 9, "title": " Joplin A note-taking and to-do app with builds for desktop, mobile, terminal", "url": "https://github.com/laurent22/joplin/"}, {"ID": " 3 ", "score": 4, "title": " Coinbase Ordered to Turn Over Identities of 14,355 Crypto Traders to the IRS", "url": "https://motherboard.vice.com/en_us/article/ywnmkk/coinbase-irs-14000-bitcoin-tax"}, {"ID": " 4 ", "score": 8, "title": " Australian uses snack bags as Faraday cage to block tracking by employer", "url": "https://arstechnica.com/information-technology/2017/11/australian-man-uses-snack-bags-as-faraday-cage-to-block-tracking-by-employer/"}, {"ID": " 5 ", "score": 3, "title": " A blog I started on Neural Networks and Probability", "url": "https://jontysinai.github.io"}, {"ID": " 6 ", "score": 2, "title": " It Looks Like Nobel Economics Laureates Don't Like Bitcoin", "url": "https://www.bloomberg.com/news/articles/2017-11-30/so-it-looks-like-nobel-economics-laureates-don-t-like-bitcoin"}, {"ID": " 7 ", "score": 7, "title": " Seventh RISC-V Workshop: Day Two - LowRISC", "url": "http://www.lowrisc.org/blog/2017/11/seventh-risc-v-workshop-day-two/"}, {"ID": " 8 ", "score": 6, "title": " China's Art Factories: Van Gogh from the Sweatshop (2006)", "url": "http://www.spiegel.de/international/0,1518,433134,00.html"}, {"ID": " 9 ", "score": 5, "title": " Judge Tells Uber Lawyer: 'It Looks Like You Covered This Up'", "url": "https://www.nytimes.com/2017/11/29/business/waymo-uber-trial.html"}, {"ID": " 10", "score": 0, "title": " As a solo developer, I decided to offer phone support", "url": "http://plumshell.com/2017/11/30/as-a-solo-app-developer-i-decided-to-offer-phone-support-and-this-is-what-happened/"}, {"ID": " 11", "score": 1, "title": " Why Did ProtonMail Vanish from Google Search Results?", "url": "http://techcrunch.com/2016/10/27/why-did-protonmail-vanish-from-google-search-results-for-months/amp/"}, {"ID": " 12", "score": 6, "title": " Weekly Machine Learning Toolset and Library Roundup - Nov. 30, 2017", "url": "https://blog.pocketcluster.io/2017/11/30/weekly-machine-learning-opensource-roundup-nov-30-2017/"}, {"ID": " 13", "score": 8, "title": " 50 Years Ago Jocelyn Bell Discovered Pulsars", "url": "https://www.space.com/38912-pulsar-discovery-by-jocelyn-bell.html"}, {"ID": " 14", "score": 6, "title": " Advent of Code 2017", "url": "https://adventofcode.com/2017"}, {"ID": " 15", "score": 9, "title": " SafeButler (YC S17) is hiring employee #2 to modernize insurance", "url": "item?id=15815913"}, {"ID": " 16", "score": 4, "title": " BTC addresses whose private keys are from Sha256 of another public address", "url": "https://twitter.com/4Dgifts/status/936223487986946048"}, {"ID": " 17", "score": 5, "title": " Review and Teardown of a Cheap GPS Jammer", "url": "http://phasenoise.livejournal.com/2017/11/3185.html"}, {"ID": " 18", "score": 4, "title": " Coinbase Obtains Partial Victory Over IRS", "url": "https://blog.coinbase.com/coinbase-obtains-partial-victory-over-irs-dac041db59a3"}, {"ID": " 19", "score": 2, "title": " How to Profit from Bitcoin Bubble", "url": "http://www.danielwilczynski.com/2017/11/29/bitcoin-price-index/"}, {"ID": " 20", "score": 7, "title": " Linux Vendor Firmware Service", "url": "https://fwupd.org/"}, {"ID": " 21", "score": 8, "title": " Building mindshare in a company", "url": "http://www.writethedocs.org/guide/writing/mindshare/"}, {"ID": " 22", "score": 2, "title": " How Cubism Protected Warships in WorldWar I", "url": "https://www.wired.com/story/dazzle-camouflage-san-diego-world-war-i/"}, {"ID": " 23", "score": 3, "title": " The Model Book of Calligraphy (1561-1596)", "url": "http://publicdomainreview.org/collections/the-model-book-of-calligraphy-1561-1596/"}, {"ID": " 24", "score": 4, "title": " How do you move out of a smarthome?", "url": "https://shkspr.mobi/blog/2017/11/how-do-you-move-out-of-a-smarthome/"}, {"ID": " 25", "score": 7, "title": " Software Giant Autodesk to Axe 13% of Global Workforce", "url": "http://www.animationmagazine.net/people/software-giant-autodesk-to-axe-13-of-global-workforce/"}, {"ID": " 26", "score": 8, "title": " AWS EC2 Virtualization 2017: Including Nitro", "url": "http://www.brendangregg.com/blog/2017-11-29/aws-ec2-virtualization-2017.html"}, {"ID": " 27", "score": 6, "title": " Google faces UK legal action for bypassing iPhone privacy settings to target ads", "url": "http://www.bbc.co.uk/news/technology-42166089"}, {"ID": " 28", "score": 3, "title": " OptionPlan, an app for founders looking to design a stock option plan", "url": "https://www.indexventures.com/optionplan"}, {"ID": " 29", "score": 9, "title": " The Peculiarly Quiet Decline and Fall of the KVM", "url": "http://www.loper-os.org/?p=1927"}, {"ID": " 30", "score": 1, "title": " Nvidia has confirmed a driver bug resulting in a loss of performance on Linux", "url": "https://www.gamingonlinux.com/articles/nvidia-has-confirmed-a-driver-bug-resulting-in-a-loss-of-performance-on-linux.10804"}]